{
  "name": "t1",
  "image_column": "T1",
  "n_sampled": 71,
  "n_available": 71,
  "spacing_median_xyz": [
    0.4861111044883728,
    3.299999475479126,
    0.4861111044883728
  ],
  "spacing_min_xyz": [
    0.2734379768371582,
    1.6999967098236084,
    0.2734380066394806
  ],
  "spacing_max_xyz": [
    0.8984000086784363,
    5.999983310699463,
    0.8984000086784363
  ],
  "size_median_xyz": [
    320,
    11,
    320
  ],
  "is_anisotropic": true,
  "slice_axis_sitk": 1,
  "intensity_p01": 132.0,
  "intensity_p50": 540.0,
  "intensity_p99": 2485.0,
  "intensity_min": 0.0,
  "intensity_max": 5916.0,
  "intensity_mean": 749.70119452123,
  "intensity_std": 539.5449676918721,
  "range_p99_p01": 2353.0,
  "modality_kind": "mr",
  "used_mask": true
}